{
    "plddts": {
        "model_1_pred_0": 86.56639410140863,
        "model_2_pred_0": 85.20754682806563,
        "model_3_pred_0": 85.43837734893732,
        "model_4_pred_0": 83.68758635889816,
        "model_5_pred_0": 83.48504138691742
    },
    "order": [
        "model_1_pred_0",
        "model_3_pred_0",
        "model_2_pred_0",
        "model_4_pred_0",
        "model_5_pred_0"
    ]
}