{
    "features": 490.71664786338806,
    "process_features_model_1_pred_0": 2.1208229064941406,
    "predict_and_compile_model_1_pred_0": 82.63211989402771,
    "process_features_model_2_pred_0": 0.8653147220611572,
    "predict_and_compile_model_2_pred_0": 83.45754742622375,
    "process_features_model_3_pred_0": 0.6693265438079834,
    "predict_and_compile_model_3_pred_0": 63.164830923080444,
    "process_features_model_4_pred_0": 0.6855483055114746,
    "predict_and_compile_model_4_pred_0": 62.15467691421509,
    "process_features_model_5_pred_0": 0.710216760635376,
    "predict_and_compile_model_5_pred_0": 63.22845149040222,
    "relax_model_1_pred_0": 7.234652042388916
}